Emisii_Totale_tone_CO2,Intrebarea_0,Intrebarea_1,Intrebarea_2,Intrebarea_3,Intrebarea_4,Intrebarea_5,Intrebarea_6,Intrebarea_7,Intrebarea_8,Intrebarea_9,Intrebarea_10,Intrebarea_11,Intrebarea_12,Intrebarea_13,Intrebarea_14,Intrebarea_15,Intrebarea_16,Intrebarea_17,Intrebarea_18,Intrebarea_19,Intrebarea_20,Intrebarea_21,Intrebarea_22,Intrebarea_23,Intrebarea_24,Intrebarea_25,Intrebarea_26,Intrebarea_27,Intrebarea_28
2.5,4,Centrală proprie,120,70,,,,,0,110,110,110,Nu,,,,0,Zilnic,4,Da,2,Foarte des,10,0,Rareori,4,Trimestrial,2,Nu
3.9,3,Individual (gas) boiler,11,6,,,,,27,35,50,50,Yes,Combustibil fosil,1000,3,1,Never,4,Yes,3,Often,6,0,Sometimes,10,Monthly,15,Yes
5.9,1,Centrală proprie,125,30,,,,,0,70,110,100,Da,Combustibil fosil,4000,1,13,Zilnic,1,Da,1,Foarte des,10,0,Uneori,25,Lunar,1,Nu
7.4,3,Centralizat,,,75,6,30,,50,1000,2000,1000,Nu,,,,0,Zilnic,10,Da,4,Foarte des,18,1,Frecvent,14,Trimestrial,10,Nu
7.5,2,Centralizat,,,35,20,1,,0,1700,400,1000,Nu,,,,0,Zilnic,2,Da,2,Uneori,18,1,Rareori,20,Trimestrial,4,Da
10.5,4,Centrală proprie,200,10,,,,,0,30,30,30,Da,Combustibil fosil,100000,2,0,Frecvent,14,Da,20,Foarte des,7,0,Uneori,7,Trimestrial,7,Nu
8.2,3,Centralizat,,,48,24,20,,0,1200,700,900,Da,Combustibil fosil,15000,2,20,Zilnic,2,Da,1,Foarte des,14,2,Rareori,21,Anual,4,Da
5.8,1,Centrală proprie,30,10,,,,,0,60,40,50,Da,Combustibil fosil,20000,4,4,Zilnic,3,Nu,,Des,18,3,Uneori,5,Anual,3,Nu
3.3,4,Individual (gas) boiler,80,35,,,,,32,320,260,190,Yes,Hibrid,16000,4,5,Never,5,Yes,1,Very Often,6,1,Sometimes,15,Monthly,2,Yes
2.7,2,Individual (gas) boiler,200,10,,,,,0,70,140,100,No,,,,0,Sometimes,5,No,,Sometimes,4,0,Sometimes,4,Annual,2,Yes
4.4,3,Individual (gas) boiler,80,40,,,,,0,180,300,200,No,,,,0,Sometimes,3,Yes,1,Very Often,3,0,Rareori,2,Quarterly,20,No
3.4,3,Individual (gas) boiler,135,20,,,,,0,125,125,125,No,,,,10,Daily,6,Yes,1,Very Often,5,1,Sometimes,15,Monthly,0,Yes
4.6,6,District (central) heating,,,10,10,3,,0,35,2500,35,No,,,,3,Daily,2,Yes,15,Often,2,2,Sometimes,20,Monthly,10,No
4.7,5,District (central) heating,,,96,33,67,,35,1680,4050,2549,Yes,Combustibil fosil,14000,5,0,Sometimes,2,Yes,1,Often,7,1,Rareori,8,Monthly,3,Yes
0.9,4,Individual (gas) boiler,10,5,,,,,0,30,36,35,No,,,,1,Sometimes,3,Yes,2,Often,2,0,Sometimes,2,Annual,1,No
13.5,1,District (central) heating,,,200,5,10,,100,200,700,500,Yes,Combustibil fosil,10000,3,30,Sometimes,1,No,,Often,15,4,Often,18,Weekly,12,Yes
6.4,1,District (central) heating,,,42,5,10,,50,300,500,400,No,,,,0,Sometimes,1,Yes,10,Sometimes,2,2,Sometimes,5,Quarterly,5,Yes
5.1,2,Centralizat,,,70,5,20,,90,130,120,100,Nu,,,,10,Frecvent,3,Da,1,Des,11,3,Frecvent,5,Lunar,2,Nu
2.8,5,Individual (gas) boiler,170,20,,,,,0,50,400,100,No,,,,4,Daily,2,Yes,1,Very Often,6,1,Never,15,Monthly,2,Yes
2.7,4,Stove and bottled gas (LPG cylinder),,,,,5,1000,0,200,500,300,No,,,,0,Daily,2,No,,Often,4,1,Sometimes,12,Quarterly,1,Yes
3.6,3,Centrală proprie,200,25,,,,,0,190,160,175,Da,Combustibil fosil,15000,2,7,Zilnic,5,Da,1,Uneori,3,0,Rareori,2,Lunar,1,Nu
3.7,4,Centrală proprie,30,70,,,,,25,260,400,360,Nu,,,,0,Zilnic,12,Da,1,Des,3,0,Rareori,21,Trimestrial,6,Nu
3.6,4,Individual (gas) boiler,300,40,,,,,11,220,200,180,Yes,Combustibil fosil,20000,3,8,Daily,6,Yes,1,Often,3,0,Sometimes,5,Monthly,3,No
16.9,4,Centrală proprie,1500,100,,,,,70,1200,3000,2000,Da,Hibrid,10000,4,150,Zilnic,2,Nu,,Des,12,4,Rareori,3,Lunar,4,Da
0.4,3,Individual (gas) boiler,10,5,,,,,0,30,30,30,No,,,,0,Never,1,Yes,1,Never,0,0,Rareori,0,Annual,1,No
42,4,Individual (gas) boiler,1500,200,,,,,67,1000,2000,1500,Yes,Combustibil fosil,50000,5,500,Daily,7,Yes,15,Very Often,4,2,Sometimes,30,Monthly,8,Yes
19.4,4,Individual (gas) boiler,35,10,,,,,0,56,56,56,Yes,Combustibil fosil,100000,1,60,Never,5,No,,Sometimes,10,4,Often,9,Annual,2,No
5.7,1,District (central) heating,,,35,25,10,,0,75,54,34,Yes,Combustibil fosil,20000,3,3,Often,2,Yes,1,Very Often,8,3,Sometimes,5,Monthly,5,Yes
5.9,4,Individual (gas) boiler,200,20,,,,,0,200,320,160,Yes,Combustibil fosil,13000,2,5,Daily,1,No,,Very Often,11,6,Sometimes,11,Quarterly,4,No
3.8,1,District (central) heating,,,25,4,3,,0,120,150,100,No,,,,0,Daily,3,No,,Often,8,0,Rareori,10,Quarterly,2,No
12.2,1,Individual (gas) boiler,1200,50,,,,,20,500,550,525,No,,,,2,Daily,1,Yes,1,Often,3,0,Rareori,8,Quarterly,4,No
16.4,12,Stove and bottled gas (LPG cylinder),,,,,6,300,0,600,4200,30,Yes,Combustibil fosil,80000,1,2,Never,3,No,,Sometimes,5,6,Never,16,Quarterly,20,No
10.2,1,Individual (gas) boiler,300,250,,,,,11,120,270,100,No,,,,6,Daily,3,Yes,3,Very Often,3,1,Rareori,4,Quarterly,2,No
7.3,2,District (central) heating,,,110,6,2,,21,30,50,30,No,,,,3,Daily,4,Yes,5,Sometimes,10,4,Sometimes,30,Weekly,7,Yes
42.8,9,Individual (gas) boiler,2000,200,,,,,45,250,2000,1505,No,,,,569,Daily,3,Yes,3,Sometimes,5,6,Sometimes,4,Annual,7,No
4.2,5,Individual (gas) boiler,1000,100,,,,,0,400,1000,500,No,,,,4,Daily,5,Yes,1,Very Often,4,1,Sometimes,5,Quarterly,3,Yes
8.9,1,District (central) heating,,,55,2,5,,0,200,1500,750,Yes,Combustibil fosil,10000,5,5,Sometimes,2,Yes,1,Sometimes,3,2,Rareori,4,Quarterly,3,No
4.1,2,District (central) heating,,,20,20,8,,15,800,1200,1000,No,,,,0,Often,5,Yes,5,Often,0,0,Rareori,3,Quarterly,1,Yes
2.4,4,Individual (gas) boiler,200,40,,,,,0,35,80,60,Yes,Hibrid,10000,2,7,Never,2,No,,Rar,4,0,Daily,5,Monthly,1,Yes
8.4,2,Centralizat,,,44,14,5,,0,40,40,40,Nu,,,,40,Zilnic,7,Da,1,Foarte des,6,6,Niciodată,30,Anual,1,Da
5.9,2,Centrală proprie,300,25,,,,,0,310,400,310,Da,Combustibil fosil,10000,2,0,Frecvent,2,Da,2,Des,19,1,Uneori,1,Trimestrial,3,Nu
5,3,District (central) heating,,,100,10,7,,50,350,200,150,Yes,Combustibil fosil,20000,2,0,Daily,7,Yes,1,Often,7,0,Daily,25,Quarterly,2,No
6.9,3,Centrală proprie,50,50,,,,,0,100,50,50,Da,Combustibil fosil,20000,3,0,Zilnic,1,Da,1,Des,3,16,Rareori,3,Trimestrial,0,Da
10.7,2,Centrala proprie,420,100,,,,,0,1000,1500,1000,Da,Combustibil fosil,40000,2,0,Niciodată,3,Da,1,Des,7,0,Frecvent,30,Trimestrial,3,Nu
7.6,2,District (central) heating,,,30,10,20,,0,120,300,200,No,,,,26,Daily,2,Yes,3,Rar,2,10,Rareori,18,Quarterly,2,No
3.5,1,Centralizat,,,70,1,5,,50,50,50,50,Nu,,,,4,Zilnic,1,Da,1,Des,5,0,Rareori,3,Anual,0,Da
2.7,3,Centralizat,,,80,5,20,,80,100,100,100,Da,Combustibil fosil,10000,2,0,Zilnic,3,Nu,,Des,5,1,Uneori,3,Anual,0,Da
5.8,4,Centrală proprie,10,15,,,,,70,67,100,78,Da,Combustibil fosil,15000,2,10,Zilnic,6,Nu,,Foarte des,11,6,Uneori,7,Trimestrial,2,Da
5.4,1,Centralizat,,,45,4,3,,0,80,100,70,Nu,,,,6,Zilnic,6,Da,2,Uneori,6,0,Uneori,1,Trimestrial,1,Nu
5,3,Centralizat,,,83,20,50,,0,180,120,120,Da,Combustibil fosil,10000,3,10,Niciodată,11,Da,1,Foarte des,4,0,Frecvent,7,Săptămânal,2,Nu
6.3,2,Centrală proprie,150,30,,,,,0,160,180,140,Da,Combustibil fosil,25000,1,0,Zilnic,3,Da,1,Des,7,1,Uneori,7,Trimestrial,1,Nu
6.5,2,Centralizat,,,50,32,1,,0,500,700,500,Nu,,,,30,Zilnic,2,Da,1,Des,5,1,Rareori,6,Trimestrial,3,Nu
6.8,3,District (central) heating,,,70,20,5,,4,1000,2500,1500,No,,,,6,Daily,7,Yes,2,Often,7,2,Never,6,Quarterly,3,No
1.2,5,Individual (gas) boiler,150,10,,,,,0,100,350,200,No,,,,2,Daily,3,Yes,1,Very Often,1,0,Rareori,1,Annual,2,No
5.6,4,District (central) heating,,,120,9,4,,0,350,1200,600,No,,,,15,Daily,2,No,,Very Often,7,0,Rareori,14,Monthly,10,No
5.2,3,District (central) heating,,,74,5,1,,0,300,200,200,Yes,Combustibil fosil,10000,2,0,Often,1,Yes,1,Often,13,3,Sometimes,11,Monthly,4,No
3,5,Individual (gas) boiler,400,40,,,,,0,450,500,350,No,,,,4,Daily,4,Yes,3,Very Often,4,1,Sometimes,3,Quarterly,3,No
13.7,3,Centralizat,,,67,20,5,,0,100,100,75,Da,Combustibil fosil,100000,4,120,Uneori,5,Da,5,Des,6,1,Uneori,4,Trimestrial,0,Nu
3.5,3,Centrală proprie,350,25,,,,,70,350,350,350,Da,Electric,20000,2,0,Niciodată,4,Da,1,Foarte des,4,3,Uneori,3,Lunar,0,Da
5.4,4,Centrală proprie,257,100,,,,,100,800,800,800,Da,Hibrid,10000,2,20,Niciodată,7,Da,1,Foarte des,7,1,Uneori,26,Lunar,1,Da
4.7,3,Centrală proprie,200,200,,,,,0,100,100,100,Da,Hibrid,2000,3,10,Uneori,1,Da,1,Foarte des,5,3,Uneori,6,Trimestrial,2,Da
4.2,3,Centrală proprie,30,20,,,,,10,200,300,180,Da,Hibrid,10000,2,20,Uneori,3,Da,3,Foarte des,3,1,Uneori,15,Trimestrial,2,Nu
4.5,3,Centrală proprie,50,20,,,,,0,200,300,200,Da,Hibrid,30000,2,10,Niciodată,3,Da,2,Foarte des,4,1,Uneori,15,Trimestrial,1,Nu
3.6,3,Centrală proprie,55,30,,,,,0,400,1300,700,Da,Electric,20000,3,0,Niciodată,5,Da,1,Foarte des,5,0,Niciodată,5,Lunar,1,Nu
6,4,Centrală proprie,60,8,,,,,0,350,180,200,Da,Hibrid,7500,3,60,Uneori,1,Da,1,Des,2,1,Uneori,15,Trimestrial,1,Da
3.4,4,Centralizat,,,90,10,3,,15,45,50,30,Da,Combustibil fosil,10000,3,6,Uneori,10,Da,7,Foarte des,2,1,Rareori,5,Anual,1,Da
6.2,5,Centralizat,,,150,10,1,,0,100,500,400,Da,Combustibil fosil,10000,4,30,Niciodată,7,Da,1,Foarte des,7,3,Uneori,7,Lunar,2,Nu
5,3,Centralizat,,,100,5,3,,0,250,350,200,Da,Combustibil fosil,15000,2,10,Niciodată,3,Da,2,Des,2,2,Rareori,12,Trimestrial,1,Nu
5.5,6,Sobă și butelie,,,,,10,100,30,200,100,250,Nu,,,,0,Zilnic,5,Nu,,Des,15,5,Uneori,12,Trimestrial,10,Da
2.4,10,Centrală proprie,10,5,,,,,0,200,300,250,Da,Combustibil fosil,30000,7,0,Niciodată,3,Da,1,Foarte des,3,1,Rareori,20,Trimestrial,2,Da
2.2,10,Centrală proprie,10,5,,,,,0,200,300,250,Da,Combustibil fosil,30000,7,0,Niciodată,3,Da,1,Foarte des,2,1,Rareori,20,Trimestrial,2,Da
3.5,10,Centrală proprie,10,5,,,,,0,200,300,250,Da,Combustibil fosil,30000,7,0,Niciodată,3,Da,1,Niciodată,17,1,Rareori,20,Trimestrial,0,Da
2.6,5,Centrală proprie,200,100,,,,,0,85,150,90,Da,Combustibil fosil,2500,4,0,Uneori,3,Da,3,Des,4,2,Rareori,4,Anual,2,Da
2.4,10,Centrală proprie,10,5,,,,,0,200,300,250,Da,Combustibil fosil,30000,7,0,Niciodată,3,Da,1,Foarte des,3,1,Rareori,20,Trimestrial,2,Da
2.7,5,Centrală proprie,150,100,,,,,0,100,200,150,Da,Combustibil fosil,3000,4,0,Uneori,3,Da,3,Foarte des,4,2,Rareori,4,Anual,3,Da
2.7,10,Centrală proprie,10,5,,,,,0,200,300,250,Da,Combustibil fosil,30000,7,0,Niciodată,3,Da,1,Foarte des,4,1,Rareori,20,Trimestrial,3,Da
3.6,5,Centrală proprie,450,200,,,,,0,150,300,200,Da,Combustibil fosil,3000,4,0,Uneori,3,Da,3,Foarte des,5,2,Niciodată,4,Anual,3,Da
3,10,Centrală proprie,10,5,,,,,0,250,300,250,Da,Combustibil fosil,30000,5,0,Niciodată,4,Da,1,Foarte des,3,2,Rareori,20,Trimestrial,2,Da
4.4,5,Centralizat,,,120,15,2,,0,300,250,250,Da,Combustibil fosil,20000,5,0,Niciodată,7,Da,5,Des,7,0,Rareori,21,Lunar,5,Da
4.9,5,Centralizat,,,180,12,6,,0,100,250,150,Da,Combustibil fosil,3000,2,0,Uneori,1,Da,1,Foarte des,7,0,Niciodată,27,Trimestrial,12,Da
2.4,5,Centrală proprie,10,5,,,,,0,180,250,180,Da,Combustibil fosil,5000,3,0,Niciodată,2,Da,1,Foarte des,5,0,Niciodată,17,Lunar,4,Da
6.7,5,Centrală proprie,10,5,,,,,0,180,250,180,Da,Combustibil fosil,5000,3,0,Niciodată,2,Da,1,Foarte des,5,10,Niciodată,20,Lunar,11,Da
2.8,10,Centrală proprie,10,5,,,,,0,250,300,300,Da,Combustibil fosil,30000,7,0,Niciodată,3,Da,1,Foarte des,3,2,Rareori,15,Trimestrial,3,Da
2.7,10,Centrală proprie,10,5,,,,,0,250,300,300,Da,Combustibil fosil,30000,7,0,Niciodată,4,Da,1,Des,3,2,Rareori,10,Trimestrial,4,Da
3.9,4,Centralizat,,,100,10,2,,0,100,200,150,Da,Combustibil fosil,10000,2,0,Frecvent,4,Da,2,Des,10,1,Rareori,7,Trimestrial,2,Da
3.9,4,Centralizat,,,100,10,2,,0,100,200,150,Da,Combustibil fosil,10000,2,0,Frecvent,4,Da,2,Des,10,1,Rareori,7,Trimestrial,2,Da
3.7,4,Centralizat,,,100,8,2,,75,100,200,150,Da,Combustibil fosil,10000,2,0,Frecvent,4,Da,2,Des,10,1,Rareori,7,Trimestrial,2,Da
3.8,4,Centralizat,,,100,8,2,,0,100,180,150,Da,Combustibil fosil,10000,2,0,Frecvent,4,Da,2,Des,10,1,Rareori,7,Trimestrial,2,Da
3.8,4,Centralizat,,,100,8,2,,0,100,150,120,Da,Combustibil fosil,10000,2,0,Frecvent,4,Da,2,Des,10,1,Rareori,7,Trimestrial,2,Da
3.8,4,Centralizat,,,100,8,2,,0,100,150,120,Da,Combustibil fosil,10000,2,0,Frecvent,4,Da,2,Des,10,1,Rareori,7,Trimestrial,2,Da
3.8,7,Sobă și butelie,,,,,15,50,2,470,500,480,Da,Combustibil fosil,20000,7,5,Uneori,1,Da,1,Des,21,0,Rareori,5,Trimestrial,1,Nu
4.7,4,Centrală proprie,110,60,,,,,0,114,139,120,Da,Combustibil fosil,10000,3,6,Niciodată,4,Da,1,Foarte des,14,1,Rareori,7,Trimestrial,6,Da
2.8,4,Centralizat,,,60,10,1,,0,350,450,350,Da,Combustibil fosil,10000,4,0,Zilnic,1,Da,1,Foarte des,7,0,Uneori,7,Lunar,2,Da
2.2,6,Centrală proprie,550,5,,,,,30,87,130,92,Da,Combustibil fosil,2300,4,0,Frecvent,3,Da,1,Foarte des,5,1,Rareori,8,Trimestrial,1,Da
2.7,4,Centrală proprie,600,5,,,,,31,88,130,92,Da,Combustibil fosil,2300,4,0,Frecvent,3,Da,1,Foarte des,5,1,Rareori,8,Trimestrial,1,Da
12.2,3,Centrală proprie,2500,100,,,,,50,150,2500,1500,Nu,,,,0,Uneori,10,Da,15,Uneori,4,5,Rareori,6,Lunar,7,Da
5.7,9,Sobă și butelie,,,,,1,50,51,90,130,110,Da,Combustibil fosil,20000,2,0,Uneori,2,Da,1,Foarte des,15,4,Niciodată,16,Trimestrial,7,Da
1.9,12,Centrală proprie,600,5,,,,,31,88,130,92,Da,Combustibil fosil,2300,4,0,Frecvent,3,Da,1,Foarte des,6,1,Rareori,8,Trimestrial,1,Da
2.7,6,Centrală proprie,600,5,,,,,31,88,132,90,Da,Combustibil fosil,2500,4,0,Uneori,6,Da,1,Foarte des,7,1,Uneori,8,Trimestrial,1,Da
7.5,1,Sobă și butelie,,,,,2,500,0,150,250,200,Da,Combustibil fosil,50000,2,0,Frecvent,2,Da,1,Des,8,0,Rareori,7,Trimestrial,0,Da
5.1,9,Sobă și butelie,,,,,1,50,50,100,130,100,Da,Combustibil fosil,20000,2,0,Uneori,3,Da,1,Foarte des,11,4,Uneori,14,Trimestrial,6,Da
5.7,4,Centralizat,,,100,8,2,,0,150,250,200,Da,Combustibil fosil,50000,2,0,Frecvent,2,Da,1,Des,10,0,Rareori,5,Lunar,1,Da
4.1,5,Centrală proprie,250,96,,,,,57,30,140,40,Nu,,,,0,Uneori,3,Da,1,Uneori,10,2,Rareori,15,Lunar,6,Da
2.3,2,Centrală proprie,150,70,,,,,0,50,100,70,Da,Combustibil fosil,500,2,0,Niciodată,2,Da,1,Uneori,4,0,Rareori,4,Trimestrial,0,Nu
1.9,2,Individual (gas) boiler,140,33,,,,,0,70,100,80,Yes,Combustibil fosil,600,2,0,Never,2,Yes,1,Sometimes,3,0,Rareori,4,Quarterly,1,No
2.8,2,District (central) heating,,,40,1,1,,10,50,60,50,Yes,Combustibil fosil,10000,2,4,Never,1,Yes,1,Very Often,0,0,Rareori,2,Quarterly,6,No
7.6,2,Centralizat,,,70,25,20,,0,200,200,50,Da,Combustibil fosil,15000,2,25,Zilnic,3,Da,2,Des,7,2,Rareori,15,Săptămânal,2,Da
3.3,2,Centrală proprie,12,7,,,,,0,113,200,154,Da,Combustibil fosil,16000,2,6,Niciodată,1,Da,1,Des,4,1,Rareori,10,Trimestrial,0,Nu
8.3,1,District (central) heating,,,30,5,7,,10,150,200,130,No,,,,30,Sometimes,3,No,,Sometimes,5,3,Sometimes,20,Monthly,12,No
9,4,Centralizat,,,82,4,3,,20,180,140,160,Da,Hibrid,20000,1,40,Niciodată,10,Nu,,Rar,8,4,Frecvent,7,Lunar,5,Nu
5.4,3,Centralizat,,,60,20,5,,0,300,100,200,Da,Combustibil fosil,1000,2,8,Frecvent,4,Da,4,Des,12,4,Uneori,4,Trimestrial,2,Nu
4,1,Centrală proprie,106,15,,,,,0,40,127,55,Nu,,,,8,Uneori,2,Nu,,Foarte des,5,1,Rareori,5,Trimestrial,4,Nu
6.4,3,Centrală proprie,250,30,,,,,0,300,200,200,Da,Hibrid,15000,2,19,Uneori,1,Da,1,Des,18,1,Rareori,10,Trimestrial,5,Nu
6.5,3,Centrală proprie,400,400,,,,,47,40,30,30,Da,Combustibil fosil,12000,2,1,Niciodată,1,Da,1,Uneori,3,5,Uneori,9,Lunar,0,Nu
7,2,Centrală proprie,1000,50,,,,,100,100,100,100,Da,Hibrid,10000,1,10,Uneori,1,Da,1,Foarte des,4,0,Rareori,30,Anual,2,Nu
17.6,2,Centrală proprie,3000,230,,,,,0,124,120,120,Da,Combustibil fosil,20000,2,50,Uneori,3,Da,1,Des,2,2,Uneori,1,Trimestrial,1,Da
10.3,4,Centrală proprie,10,5,,,,,4,30,30,30,Da,Electric,20000,1,50,Niciodată,4,Da,2,Foarte des,21,6,Niciodată,30,Trimestrial,5,Da
7.3,4,Centrală proprie,20,20,,,,,35,30,30,30,Da,Hibrid,200,2,0,Niciodată,5,Da,5,Des,10,10,Frecvent,11,Săptămânal,10,Da
1,1,Centralizat,,,10,1,1,,0,30,30,30,Nu,,,,1,Frecvent,1,Nu,,Foarte des,0,0,Zilnic,0,Anual,0,Nu
5.6,3,Centrală proprie,30,5,,,,,25,500,500,500,Da,Hibrid,5000,3,50,Niciodată,1,Da,1,Foarte des,1,1,Rareori,2,Anual,5,Da
2,3,Centrală proprie,10,5,,,,,46,30,30,30,Nu,,,,0,Frecvent,1,Nu,,Foarte des,4,4,Zilnic,0,Lunar,0,Nu
9.2,2,Centrală proprie,300,50,,,,,0,200,200,200,Da,Combustibil fosil,20000,2,50,Uneori,1,Da,1,Foarte des,12,3,Rareori,5,Anual,1,Nu
5.3,4,Centrală proprie,15,5,,,,,50,30,30,30,Da,Combustibil fosil,12000,4,10,Uneori,4,Da,2,Des,21,3,Uneori,10,Trimestrial,2,Nu
5.9,5,Centrală proprie,15,5,,,,,38,45,40,40,Da,Hibrid,200,2,0,Niciodată,2,Da,15,Foarte des,8,9,Frecvent,12,Lunar,6,Da
6,1,Centrală proprie,30,5,,,,,33,56,63,59,Da,Combustibil fosil,8000,1,6,Uneori,2,Da,1,Foarte des,8,3,Rareori,30,Lunar,2,Nu
3.7,4,Centralizat,,,65,4,2,,68,100,100,100,Da,Combustibil fosil,10000,4,15,Uneori,3,Da,2,Des,8,0,Rareori,2,Trimestrial,5,Da
6.5,3,Centralizat,,,85,10,1,,0,120,120,100,Da,Combustibil fosil,10000,1,10,Uneori,7,Da,1,Uneori,14,2,Uneori,10,Trimestrial,1,Nu
8,2,Centralizat,,,40,3,1,,6,200,250,100,Da,Combustibil fosil,3000,2,5,Zilnic,7,Nu,,Des,14,7,Uneori,25,Trimestrial,5,Da
7.9,3,Centrală proprie,200,20,,,,,70,500,400,400,Da,Electric,10000,2,80,Frecvent,1,Da,1,Des,5,1,Uneori,5,Trimestrial,3,Da
4.9,3,Centralizat,,,52,4,3,,10,120,150,100,Da,Combustibil fosil,15000,2,10,Niciodată,10,Da,3,Des,5,1,Frecvent,2,Anual,3,Nu
36.7,1,Centralizat,,,1000,40,10,,11,30,30,30,Nu,,,,30,Uneori,10,Nu,,Des,6,5,Frecvent,4,Trimestrial,2,Nu
3.1,3,Centralizat,,,72,8,2,,10,180,150,100,Da,Combustibil fosil,5000,1,0,Niciodată,7,Da,1,Rar,2,1,Rareori,1,Anual,1,Nu
0.8,1,Centralizat,,,10,1,1,,11,30,30,30,Nu,,,,0,Zilnic,1,Nu,,Foarte des,0,0,Zilnic,0,Trimestrial,0,Nu
0.5,3,Centralizat,,,10,1,1,,0,30,30,30,Nu,,,,0,Niciodată,1,Nu,,Des,0,0,Zilnic,0,Lunar,0,Nu
2.5,1,District (central) heating,,,10,1,1,,11,30,30,30,No,,,,0,Daily,1,No,,Very Often,3,0,Sometimes,30,Quarterly,3,No
4.2,1,Centrală proprie,25,15,,,,,10,200,150,110,Nu,,,,0,Frecvent,5,Da,2,Foarte des,3,0,Rareori,5,Trimestrial,3,Nu
6.2,1,Centrală proprie,50,15,50,2,2,50,0,100,80,60,Da,Combustibil fosil,20000,1,0,Uneori,5,Da,2,Foarte des,3,0,Rareori,3,Anual,3,Da
5.5,3,Centralizat,10,5,50,3,3,50,25,150,180,130,Da,Combustibil fosil,10000,2,8,Niciodată,10,Da,2,Des,16,1,Frecvent,6,Anual,2,Nu
